{
    "Optimize_Binary": {
        "time": 0.772334098815918,
        "optimal": true,
        "obj": 226,
        "sol": [
            [
                2
            ],
            [
                3,
                5
            ],
            [
                4
            ],
            [
                7,
                9
            ],
            [
                6,
                8
            ],
            [
                1
            ]
        ]
    },
    "Optimize_SB": {
        "time": 173.45782136917114,
        "optimal": true,
        "obj": 226,
        "sol": [
            [
                1
            ],
            [
                4
            ],
            [
                2
            ],
            [
                7,
                9
            ],
            [
                6,
                8
            ],
            [
                3,
                5
            ]
        ]
    }
}